<?xml version="1.0" encoding="UTF-8"?>
<project-private xmlns="http://www.netbeans.org/ns/project-private/1">
    <editor-bookmarks xmlns="http://www.netbeans.org/ns/editor-bookmarks/2" lastBookmarkId="0"/>
    <open-files xmlns="http://www.netbeans.org/ns/projectui-open-files/2">
        <group>
            <file>file:/D:/NetBeansProjects/JavaApplication12/src/javaapplication12/login.java</file>
            <file>file:/D:/NetBeansProjects/JavaApplication12/src/javaapplication12/ambil.java</file>
            <file>file:/D:/NetBeansProjects/JavaApplication12/src/javaapplication12/transaksi.java</file>
            <file>file:/D:/NetBeansProjects/JavaApplication12/src/javaapplication12/menu.java</file>
            <file>file:/D:/NetBeansProjects/JavaApplication12/src/koneksi/koneksi.java</file>
        </group>
    </open-files>
</project-private>
